date,city,state,petrol_price,diesel_price,source
2020-01-01,Delhi,Delhi,75.14,67.96,ppac.gov.in
2020-01-01,Mumbai,Maharashtra,80.79,71.31,ppac.gov.in
2020-01-01,Bengaluru,Karnataka,77.71,70.32,ppac.gov.in
2020-06-01,Delhi,Delhi,71.26,69.39,ppac.gov.in
2020-06-01,Mumbai,Maharashtra,78.32,68.21,ppac.gov.in
2020-06-01,Bengaluru,Karnataka,73.55,65.96,ppac.gov.in
2021-01-01,Delhi,Delhi,83.71,73.87,ppac.gov.in
2021-01-01,Mumbai,Maharashtra,90.34,80.51,ppac.gov.in
2021-01-01,Bengaluru,Karnataka,86.51,78.31,ppac.gov.in
2021-06-01,Delhi,Delhi,94.23,85.15,ppac.gov.in
2021-06-01,Mumbai,Maharashtra,100.47,92.45,ppac.gov.in
2021-06-01,Bengaluru,Karnataka,97.33,87.77,ppac.gov.in
2022-01-01,Delhi,Delhi,95.41,86.67,ppac.gov.in
2022-01-01,Mumbai,Maharashtra,109.98,94.14,ppac.gov.in
2022-01-01,Bengaluru,Karnataka,100.58,85.01,ppac.gov.in
2022-06-01,Delhi,Delhi,96.72,89.62,ppac.gov.in
2022-06-01,Mumbai,Maharashtra,111.35,97.28,ppac.gov.in
2022-06-01,Bengaluru,Karnataka,101.94,87.89,ppac.gov.in
2023-01-01,Delhi,Delhi,96.72,89.62,ppac.gov.in
2023-01-01,Mumbai,Maharashtra,106.31,94.27,ppac.gov.in
2023-01-01,Bengaluru,Karnataka,101.94,87.89,ppac.gov.in
2023-06-01,Delhi,Delhi,96.72,89.62,ppac.gov.in
2023-06-01,Mumbai,Maharashtra,106.31,94.27,ppac.gov.in
2023-06-01,Bengaluru,Karnataka,101.94,87.89,ppac.gov.in
2024-01-01,Delhi,Delhi,96.72,89.62,ppac.gov.in
2024-01-01,Mumbai,Maharashtra,106.31,94.27,ppac.gov.in
2024-01-01,Bengaluru,Karnataka,101.94,87.89,ppac.gov.in
